{"cameraMode":{"drawMode":0,"name":"Shaded","section":"Shading Mode"},"sceneLighting":false,"audioPlay":false,"sceneViewState":{"m_AlwaysRefresh":false,"showFog":true,"showSkybox":false,"showFlares":true,"showImageEffects":true,"showParticleSystems":true,"showVisualEffectGraphs":true,"m_FxEnabled":true},"in2DMode":false,"pivot":{"x":3.9794106483459474,"y":-4.0958781242370609,"z":6.5221757888793949},"rotation":{"x":-0.11246535927057266,"y":0.04744357988238335,"z":-0.005210654344409704,"w":-0.9926300644874573},"size":5.342831134796143,"orthographic":false}