{"cameraMode":{"drawMode":0,"name":"Shaded","section":"Shading Mode"},"sceneLighting":true,"audioPlay":false,"sceneViewState":{"m_AlwaysRefresh":false,"showFog":true,"showSkybox":true,"showFlares":true,"showImageEffects":true,"showParticleSystems":true,"showVisualEffectGraphs":true,"m_FxEnabled":true},"in2DMode":false,"pivot":{"x":14.49808406829834,"y":-0.8825669288635254,"z":11.894933700561524},"rotation":{"x":0.24502524733543397,"y":0.07989298552274704,"z":-0.020227916538715364,"w":0.9660415053367615},"size":3.021449327468872,"orthographic":false}