{"cameraMode":{"drawMode":0,"name":"Shaded","section":"Shading Mode"},"sceneLighting":false,"audioPlay":false,"sceneViewState":{"m_AlwaysRefresh":false,"showFog":false,"showSkybox":false,"showFlares":false,"showImageEffects":false,"showParticleSystems":false,"showVisualEffectGraphs":true,"m_FxEnabled":true},"in2DMode":false,"pivot":{"x":-0.0000011324882507324219,"y":0.9302549958229065,"z":-0.057743728160858157},"rotation":{"x":-0.15123075246810914,"y":0.002075567841529846,"z":-0.0003113567945547402,"w":-0.9885177612304688},"size":1.4494531154632569,"orthographic":false}